{"cameraMode":{"drawMode":0,"name":"Shaded","section":"Shading Mode"},"sceneLighting":true,"audioPlay":false,"sceneViewState":{"showFog":true,"showMaterialUpdate":false,"showSkybox":true,"showFlares":true,"showImageEffects":true,"showParticleSystems":true},"in2DMode":false,"pivot":{"x":-0.04271797090768814,"y":3.1915946006774904,"z":-2.0501139163970949},"rotation":{"x":0.04674578458070755,"y":-0.044940441846847537,"z":0.0021207965910434725,"w":0.9979003667831421},"size":9.030945777893067,"orthographic":false}